{"cameraMode":{"drawMode":0,"name":"Shaded","section":"Shading Mode"},"sceneLighting":false,"audioPlay":false,"sceneViewState":{"showFog":true,"showMaterialUpdate":false,"showSkybox":false,"showFlares":true,"showImageEffects":true,"showParticleSystems":true},"in2DMode":false,"pivot":{"x":0.09000003337860108,"y":1.0099999904632569,"z":58.459999084472659},"rotation":{"x":0.03898855298757553,"y":0.9590772986412048,"z":-0.1644458770751953,"w":0.22739435732364655},"size":1.9321035146713257,"orthographic":false}