{"cameraMode":{"drawMode":0,"name":"Shaded","section":"Shading Mode"},"sceneLighting":true,"audioPlay":false,"sceneViewState":{"showFog":true,"showMaterialUpdate":false,"showSkybox":true,"showFlares":true,"showImageEffects":true,"showParticleSystems":true},"in2DMode":false,"pivot":{"x":-3.1827447414398195,"y":3.0391621589660646,"z":2.9819819927215578},"rotation":{"x":0.0021074586547911169,"y":0.9903773069381714,"z":-0.13786065578460694,"w":0.01515174563974142},"size":0.9571282267570496,"orthographic":false}