{"cameraMode":{"drawMode":0,"name":"Shaded","section":"Shading Mode"},"sceneLighting":true,"audioPlay":false,"sceneViewState":{"showFog":true,"showMaterialUpdate":false,"showSkybox":true,"showFlares":true,"showImageEffects":true,"showParticleSystems":true},"in2DMode":false,"pivot":{"x":10.242326736450196,"y":-9.784625053405762,"z":-3.6693942546844484},"rotation":{"x":-0.26901301741600039,"y":-0.2627190947532654,"z":0.0781320109963417,"w":-0.9237141609191895},"size":14.23397445678711,"orthographic":false}