{"cameraMode":{"drawMode":0,"name":"Shaded","section":"Shading Mode"},"sceneLighting":true,"audioPlay":false,"sceneViewState":{"showFog":true,"showMaterialUpdate":false,"showSkybox":true,"showFlares":true,"showImageEffects":true,"showParticleSystems":true},"in2DMode":false,"pivot":{"x":-10.034783363342286,"y":-0.23162595927715302,"z":-11.28908634185791},"rotation":{"x":-0.022493859753012658,"y":0.9765096306800842,"z":-0.12697915732860566,"w":-0.17285676300525666},"size":17.024621963500978,"orthographic":false}